{
  "loss": 9.217374099534936e-07,
  "phys": 1.6756490595071227e-07,
  "junction": 5.9096453952633965e-08,
  "data": 3.8377510236387025e-07,
  "ic": 3.113009228172814e-08,
  "R0": 1.9646964073181152,
  "mu": 0.36680835485458374,
  "kappa": 1.0,
  "alpha": 0.25
}