{
  "loss": 0.0016838184092193842,
  "phys": 0.0001475608441978693,
  "junction": 8.791451546130702e-05,
  "data": 0.0014397725462913513,
  "ic": 8.36017591154814e-07,
  "alpha_prior": 2.103942620124144e-07,
  "R0": 1.0127689838409424,
  "mu": 0.28711703419685364,
  "kappa": 1.0,
  "alpha": 0.250458687543869
}