{
  "loss": 0.0005680257454514503,
  "phys": 0.00010837057925527915,
  "junction": 5.120960486237891e-05,
  "data": 0.00040267978329211473,
  "ic": 5.765787136624567e-07,
  "alpha_prior": 0.0,
  "R0": 0.6185246109962463,
  "mu": 0.23018737137317657,
  "kappa": 1.0,
  "alpha": 0.25
}